{
  "전체2024고객수": 1199,
  "전체2025고객수": 1210,
  "일치고객수": 1196,
  "2개년핵심고객수": 712,
  "2024연평균kWh": 7101.772585674157,
  "2025연평균kWh": 6957.286164325842,
  "연평균증감률": -0.020345120827971352,
  "일평균증감률": -0.017661134857637095,
  "고객중앙증감률": -0.011223238971649094,
  "증가고객비중": 0.4648876404494382,
  "감소고객비중": 0.5351123595505618,
  "20%이상증가비중": 0.06320224719101124,
  "20%이상감소비중": 0.0702247191011236,
  "연간사용량Pearson": 0.8351697901398693,
  "연간사용량Spearman": 0.8321411575491934,
  "상위10%유지고객수": 51,
  "상위10%유지율": 0.7083333333333334,
  "군집유지율": 0.6769662921348315,
  "추천요금제유지율": 0.7710674157303371,
  "15일예측중앙MAPE": 0.06684535003662861,
  "20일예측중앙MAPE": 0.048133794497730746,
  "15일예측10%이내월비중": 0.7251872659176029,
  "20일예측10%이내월비중": 0.8398876404494382
}